{
  "n_train": 9000,
  "n_val": 1000,
  "best_val_loss": 0.04623793065547943,
  "inference_ms": 8.57319974899292,
  "val_rel_error_pct": 63.986061096191406,
  "training_time_s": 690.859130859375
}