{
  "best_metrics": {
    "mtf_ridge": -1.0,
    "throughput": 1.1509599685668945,
    "skewness": 0.0017775334417819977,
    "delta_bm1": -0.44971704483032227,
    "delta_bm2": -4.669782519340515,
    "w1": 5.3155770897865295,
    "w2": 6.083477661013603
  },
  "elapsed_sec": 284.8419213294983,
  "n_pareto": 1,
  "n_total": 150
}