{
  "best_metrics": {
    "mtf_ridge": -1.0,
    "throughput": 0.08366838097572327,
    "skewness": 0.2151886373758316,
    "delta_bm1": 8.984794616699219,
    "delta_bm2": 7.404270172119141,
    "w1": 16.993536055088043,
    "w2": 6.531506143510342
  },
  "elapsed_sec": 41.21993160247803,
  "n_pareto": 1,
  "n_total": 100,
  "pareto_params": [
    [
      8.984794616699219,
      7.404270172119141,
      16.993536055088043,
      6.531506143510342
    ]
  ],
  "pareto_objectives": [
    [
      -1.0,
      0.08366838097572327,
      -0.2151886373758316
    ]
  ]
}